{
  "horizon": 28,
  "seed": 137,
  "series": [
    "retail_daily",
    "energy_load",
    "web_traffic"
  ],
  "baseline_per_model": {
    "naive": {
      "mae": 77.59771849048208,
      "rmse": 94.69824720660488,
      "mape": 8.02626119127351,
      "smape": 7.824861417713964,
      "mase": 2.5816936825445107
    },
    "seasonal_naive": {
      "mae": 36.29012516514517,
      "rmse": 45.22071527514911,
      "mape": 3.4859113943314486,
      "smape": 3.481918339410386,
      "mase": 1.1134654940333804
    }
  },
  "improved_per_model": {
    "holt_winters": {
      "mae": 39.408037514887724,
      "rmse": 46.79900480246045,
      "mape": 3.2374254983076907,
      "smape": 3.1893584537018085,
      "mase": 1.0018091827787292
    },
    "regression": {
      "mae": 25.913987157477404,
      "rmse": 32.186018720625135,
      "mape": 2.5309554353462653,
      "smape": 2.519184856351538,
      "mase": 0.8047273232649811
    }
  },
  "baseline_best": {
    "mae": 36.29012516514517,
    "rmse": 45.22071527514911,
    "mape": 3.4859113943314486,
    "smape": 3.481918339410386,
    "mase": 1.1134654940333804
  },
  "improved_best": {
    "mae": 25.913987157477404,
    "rmse": 32.186018720625135,
    "mape": 2.5309554353462653,
    "smape": 2.519184856351538,
    "mase": 0.8047273232649811
  },
  "winner_by_metric": {
    "mae": "improved",
    "rmse": "improved",
    "mape": "improved",
    "smape": "improved",
    "mase": "improved"
  }
}